[
  {
    "id": 1,
    "name": "82년생 김지영",
    "rating": "12세이상관람가",
    "genre_id": 1,
    "director": "김도영",
    "user_rating": 6.61,
    "poster_url": "https://movie-phinf.pstatic.net/20191024_215/1571900079078PNazL_JPEG/movie_image.jpg",
    "description": "1982년 봄에 태어나 누군가의 딸이자 아내, 동료이자 엄마로 2019년 오늘을 살아가는 ‘지영’(정유미). 때론 어딘가 갇힌 듯 답답하기도 하지만 남편 ‘대현’(공유)과 사랑스러운 딸, 그리고 자주 만나지 못해도 항상 든든한 가족들이 ‘지영’에겐 큰 힘이다.  하지만 언젠가부터 마치 다른 사람이 된 것처럼 말하는 ‘지영’. ‘대현’은 아내가 상처 입을까 두려워 그 사실을 털어놓지 못하고 ‘지영’은 이런 ‘대현’에게 언제나 “괜찮다”라며 웃어 보이기만 하는데…  모두가 알지만 아무도 몰랐던 당신과 나의 이야기"
  },
  {
    "id": 2,
    "name": "더 킹: 헨리 5세",
    "rating": "청소년관람불가",
    "genre_id": 1,
    "director": "데이비드 미쇼",
    "user_rating": 8.6,
    "poster_url": "https://movie-phinf.pstatic.net/20191016_245/15711911283788LM49_JPEG/movie_image.jpg",
    "description": "자유롭게 살아가던 왕자 할이 왕좌에 올라 전쟁으로 혼란에 빠진 영국의 운명을 짊어지며 위대한 왕으로 변모해가는 과정을 그린 영화"
  },
  {
    "id": 3,
    "name": "버티고",
    "rating": "15세이상관람가",
    "genre_id": 1,
    "director": "전계수",
    "user_rating": 6.47,
    "poster_url": "https://movie-phinf.pstatic.net/20190924_275/1569292986272H5Cbe_JPEG/movie_image.jpg",
    "description": "현기증 나는 고층빌딩 숲 사무실에서 매일을 위태롭게 버티고 있는 30대 직장인 ‘서영’(천우희), 안정적인 삶을 원하지만 현실은 속수무책으로 흔들거린다. 불안정한 계약직 생활, 비밀사내 연애 중인 연인 ‘진수’(유태오)와의 불안한 관계,  밤마다 시달리는 엄마의 전화까지... 더 이상 버틸 수 없다고 느낀 그녀가 무너져내릴 때,  창 밖에서 로프에 매달린 채 그녀를 지켜보는 남자 ‘관우’(정재광)를 마주하게 된다.  “괜찮아요, 당신은 절대 떨어지지 않아요”"
  },
  {
    "id": 4,
    "name": "원스 어폰 어 타임... 인 할리우드",
    "rating": "청소년관람불가",
    "genre_id": 1,
    "director": "쿠엔틴 타란티노",
    "user_rating": 7.63,
    "poster_url": "https://movie-phinf.pstatic.net/20190829_274/15670414098837720t_JPEG/movie_image.jpg",
    "description": "1969년 할리우드, 잊혀져 가는 액션스타 ‘릭 달튼’과 그의 스턴트 배우 겸 매니저인 ‘클리프 부스’는 \n 과거의 영광을 되찾기 위해 고군분투하지만 새로운 스타들에 밀려 큰 성과를 거두진 못한다.\n \n 그러던 어느 날 ‘릭’의 옆집에 할리우드에서 \n 가장 핫한 ‘로만 폴란스키’ 감독과 배우 ‘샤론 테이트’ 부부가 이사 오자 \n ‘릭’은 새로운 기회가 생길 수도 있다고 기뻐하지만 인사조차 나누지 못한다. \n \n 형편상 더 이상 함께 일할 수 없게 된 ‘릭’과 ‘클리프’는 각자의 길을 가기로 하고 \n ‘릭’의 집에서 술을 거나하게 마시던 중 뜻하지 않은 낯선 방문객을 맞이하게 되는데…"
  },
  {
    "id": 5,
    "name": "벌새",
    "rating": "15세이상관람가",
    "genre_id": 1,
    "director": "김보라",
    "user_rating": 8.92,
    "poster_url": "https://movie-phinf.pstatic.net/20190805_121/1564969695835Iq9Qc_JPEG/movie_image.jpg",
    "description": "1994년, 알 수 없는 거대한 세계와 마주한 14살 ‘은희’의 아주- 보편적이고 가장- 찬란한 기억의 이야기"
  },
  {
    "id": 6,
    "name": "커런트 워",
    "rating": "12세이상관람가",
    "genre_id": 1,
    "director": "알폰소 고메즈-레존",
    "user_rating": 7.78,
    "poster_url": "https://movie-phinf.pstatic.net/20190726_271/1564103583891DUheV_JPEG/movie_image.jpg",
    "description": "쇼맨십의 천재 ‘에디슨’과 상상력의 천재 ‘테슬라’\n 그리고 협상의 천재 ‘인설’과 비즈니스의 천재 ‘웨스팅하우스’까지.\n 4 명의 천재 3 번의 격돌\n 2개의 전류 1명만이 역사가 된다!"
  },
  {
    "id": 7,
    "name": "애프터",
    "rating": "15세이상관람가",
    "genre_id": 1,
    "director": "제니 게이지",
    "user_rating": 7.22,
    "poster_url": "https://movie-phinf.pstatic.net/20190722_82/1563757210874ln6LL_JPEG/movie_image.jpg",
    "description": "첫 끌림\n 대학 입학 후 첫 파티에 초대 받게 된 신입생 ‘테사’는\n 진실게임을 하던 중 키스 벌칙에 걸리고 만다.\n 상대는 학교에서 유명한 반항아 ‘하딘’.\n 키스를 앞둔 0.1초 전, 모두가 주목하는 그 순간\n ‘테사’는 ‘하딘’의 입술을 거절하고 만다.\n \n 첫 사랑\n 강렬했던 첫 만남 이후, 마치 새로운 세상을 발견한 듯\n 한번도 경험한 적 없던 감정에 눈을 뜨게 된 두 사람.\n ‘하딘’은 자신의 비밀 장소로 ‘테사’를 초대하고\n 이제 두 사람은 서로를 모르기 전으로 절대 되돌아 갈 수 없음을 알게 되는데…\n \n 첫 경험 그리고 <애프터>"
  },
  {
    "id": 8,
    "name": "기생충",
    "rating": "15세이상관람가",
    "genre_id": 1,
    "director": "봉준호",
    "user_rating": 8.47,
    "poster_url": "https://movie-phinf.pstatic.net/20190528_36/1559024198386YVTEw_JPEG/movie_image.jpg",
    "description": "전원백수로 살 길 막막하지만 사이는 좋은 기택(송강호) 가족. 장남 기우(최우식)에게 명문대생 친구가 연결시켜 준 고액 과외 자리는 모처럼 싹튼 고정수입의 희망이다. 온 가족의 도움과 기대 속에 박사장(이선균) 집으로 향하는 기우. 글로벌 IT기업 CEO인 박사장의 저택에 도착하자 젊고 아름다운 사모님 연교(조여정)가 기우를 맞이한다.  그러나 이렇게 시작된 두 가족의 만남 뒤로, 걷잡을 수 없는 사건이 기다리고 있었으니…"
  },
  {
    "id": 9,
    "name": "로켓맨",
    "rating": "15세이상관람가",
    "genre_id": 1,
    "director": "덱스터 플레처",
    "user_rating": 8.05,
    "poster_url": "https://movie-phinf.pstatic.net/20190530_202/15591815551051HrC1_JPEG/movie_image.jpg",
    "description": "천재적인 음악성과 독보적인 노래로 세상을 뒤흔들며 대중을 사로잡은 ‘엘튼 존’(태런 에저튼).\n 연이은 히트곡 발매와 환상적인 무대 퍼포먼스, 화려한 패션으로 가장 빛나는 시대의 아이콘으로 자리잡는다.\n 그러나 인생 최고의 순간, 어린 시절부터 자신의 진가를 알아봐주지 못한 부모에 대한 상처와 사랑했던 친구의 배신에 무대 뒤에 숨겨진 또 다른 자신과 마주하게 되는데…"
  },
  {
    "id": 10,
    "name": "판의 미로 - 오필리아와 세 개의 열쇠",
    "rating": "15세이상관람가",
    "genre_id": 1,
    "director": "길예르모 델 토로",
    "user_rating": 7.91,
    "poster_url": "https://movie-phinf.pstatic.net/20190409_174/1554774642995SWGiz_JPEG/movie_image.jpg",
    "description": "1944년 스페인, 내전은 끝났지만 숲으로 숨은 시민군은 파시스트 정권에 계속해서 저항했고 그들을 진압하기 위해 정부군이 곳곳에 배치된다.\n ‘오필리아’는 만삭의 엄마 ‘카르멘’과 함께 새아버지 ‘비달’ 대위가 있는 숲속 기지로 거처를 옮긴다.\n 정부군 소속으로 냉정하고 무서운 비달 대위를 비롯해 모든 것이 낯설어 두려움을 느끼던 오필리아는 어느 날 숲속에서 숨겨진 미로를 발견한다.\n 그리고 그곳에서 자신을 “산이고 숲이자 땅”이라 소개하는 기괴한 모습의 요정 ‘판’과 만난다.\n \n 오필리아를 반갑게 맞이한 판은, 그녀가 지하 왕국의 공주 ‘모안나’이며 보름달이 뜨기 전까지 세 가지 임무를 끝내면 돌아갈 수 있다고 알려주면서 미래를 볼 수 있는 “선택의 책”을 건넨다.\n 오필리아는 전쟁보다 더 무서운 현실 속에서 인간 세계를 떠나 지하 왕국으로 돌아가기로 결심하게 되는데…\n \n 용기, 인내, 그리고 마지막 임무…\n 판의 미로가 다시 열리고, 환상과 현실의 경계가 무너진다!"
  },
  {
    "id": 11,
    "name": "터미네이터: 다크 페이트",
    "rating": "15세이상관람가",
    "genre_id": 2,
    "director": "팀 밀러",
    "user_rating": 8.58,
    "poster_url": "https://movie-phinf.pstatic.net/20191030_118/1572411669676j0Arb_JPEG/movie_image.jpg",
    "description": "심판의 날 그 후, 뒤바뀐 미래  새로운 인류의 희망 ‘대니’(나탈리아 레이즈)를 지키기 위해 슈퍼 솔져 ‘그레이스’(맥켄지 데이비스)가 미래에서 찾아오고, ‘대니’를 제거하기 위한 터미네이터 ‘Rev-9’(가브리엘 루나)의 추격이 시작된다.   최첨단 기술력으로 무장한 최강의 적 터미네이터 ‘Rev-9’의 무차별적인 공격에 쫓기기 시작하던 ‘그레이스’와 ‘대니’ 앞에 터미네이터 헌터 ‘사라 코너’(린다 해밀턴)가 나타나 도움을 준다.   인류의 수호자이자 기계로 강화된 슈퍼 솔져 ‘그레이스’와 ‘사라 코너’는 ‘대니’를 지키기 위해  새로운 조력자를 찾아 나서고, 터미네이터 ‘Rev-9’은 그들의 뒤를 끈질기게 추격하는데...  더 이상 정해진 미래는 없다  지키려는 자 VS 제거하려는 자, 새로운 운명이 격돌한다!"
  },
  {
    "id": 12,
    "name": "조커",
    "rating": "15세이상관람가",
    "genre_id": 2,
    "director": "토드 필립스",
    "user_rating": 8.67,
    "poster_url": "https://movie-phinf.pstatic.net/20190906_128/1567761736426S6Fje_JPEG/movie_image.jpg",
    "description": "고담시의 광대 아서 플렉은 코미디언을 꿈꾸는 남자.\n 하지만 모두가 미쳐가는 코미디 같은 세상에서\n 맨 정신으로는 그가 설 자리가 없음을 깨닫게 되는데…\n 이제껏 본 적 없는 진짜 ‘조커’를 만나라!"
  },
  {
    "id": 13,
    "name": "람보 : 라스트 워",
    "rating": "청소년관람불가",
    "genre_id": 2,
    "director": "애드리언 그런버그",
    "user_rating": 8.78,
    "poster_url": "https://movie-phinf.pstatic.net/20191023_178/1571810096863aleHE_JPEG/movie_image.jpg",
    "description": "36년간 수많은 전쟁터의 중심에서 치열하게 싸운 '존 람보'\n 지옥 같은 전쟁 트라우마에서 벗어나\n 평화로운 시간을 보내는 것도 잠시,\n 딸처럼 여겼던 옆집 소녀가 멕시코 카르텔에게 납치된다.\n \n 뼛속 깊이 각인되어 있던 그의 본능이 다시 깨어난다!\n \n ‘람보’는 자신의 전투 본능과 살인 무기를 총동원해\n 자비 없이 적들을 처단하기 시작하는데...\n \n 살아있는 액션 마스터 '람보'의 귀환\n 그의 마지막 전쟁이 시작된다!"
  },
  {
    "id": 14,
    "name": "분노의 질주: 홉스&쇼",
    "rating": "12세이상관람가",
    "genre_id": 2,
    "director": "데이빗 레이치",
    "user_rating": 7.84,
    "poster_url": "https://movie-phinf.pstatic.net/20190726_177/15641046254730gK1F_JPEG/movie_image.jpg",
    "description": "공식적으로만 세상을 4번 구한 전직 베테랑 경찰 ‘루크 홉스’(드웨인 존슨)\n 분노 조절 실패로 쫓겨난 전직 특수요원 ‘데카드 쇼’(제이슨 스타뎀)\n 99.9% 완벽히 다른 두 남자는 전 세계를 위협하는 불가능한 미션을 해결하기 위해\n 어쩔 수 없이 한 팀이 되고 마는데…"
  },
  {
    "id": 15,
    "name": "안나",
    "rating": "15세이상관람가",
    "genre_id": 2,
    "director": "뤽 베송",
    "user_rating": 6.37,
    "poster_url": "https://movie-phinf.pstatic.net/20190723_30/1563861332950L3kzW_JPEG/movie_image.jpg",
    "description": "조선 팔도를 무대로 풍문을 조작하고 민심을 뒤흔드는 광대패 5인방. 어느 날 조선 최고의 권력자 ‘한명회’로부터  조카를 죽이고 왕이 된 ‘세조’의 미담을 만들어내라는 명을 받는다.   광대패의 리더 ‘덕호’와 무리들은 목숨을 걸고  지금껏 듣지도 보지도 못한 놀라운 판을 짜기 시작하는데…  그들이 뜨는 순간, 역사가 뒤바뀐다!"
  },
  {
    "id": 16,
    "name": "스파이더맨: 파 프롬 홈",
    "rating": "12세이상관람가",
    "genre_id": 2,
    "director": "존 왓츠",
    "user_rating": 8.33,
    "poster_url": "https://movie-phinf.pstatic.net/20190527_181/1558933159657a210P_JPEG/movie_image.jpg",
    "description": "‘엔드게임’ 이후 변화된 세상,\n 스파이더맨 ‘피터 파커’는 학교 친구들과 유럽 여행을 떠나게 된다.\n 그런 그의 앞에 ‘닉 퓨리’가 등장해 도움을 요청하고\n 정체불명의 조력자 ‘미스테리오’까지 합류하게 되면서\n 전 세계를 위협하는 새로운 빌런 ‘엘리멘탈 크리쳐스’와 \n 맞서야만 하는 상황에 놓이게 되는데…"
  },
  {
    "id": 17,
    "name": "존 윅 3: 파라벨룸",
    "rating": "청소년관람불가",
    "genre_id": 2,
    "director": "채드 스타헬스키",
    "user_rating": 8.04,
    "poster_url": "https://movie-phinf.pstatic.net/20190621_225/1561080456596qGGRl_JPEG/movie_image.jpg",
    "description": "전설이 된 킬러 ‘존 윅’ (키아누 리브스).\n 룰을 어긴 죄로 그에게 현상금 1,400만 불이 붙고,\n 전 세계 모든 킬러의 총구가 그를 향한다.\n \n 국제암살자연맹의 파문 조치가 내려진 그는\n 아무런 보호도 받지 못한 채 시시각각 위험에 직면하고\n 결국, 마지막 전쟁을 위해 ‘소피아’(할리 베리)를 찾아가는데…\n \n 출구는 없다! 평화를 원한다면, 전쟁을 준비하라!"
  },
  {
    "id": 18,
    "name": "엑스맨: 다크 피닉스",
    "rating": "12세이상관람가",
    "genre_id": 2,
    "director": "사이먼 킨버그",
    "user_rating": 6,
    "poster_url": "https://movie-phinf.pstatic.net/20190603_273/1559540193462sgsr5_JPEG/movie_image.jpg",
    "description": "어린 시절 비극적 교통사고로 자신의 능력을 알게 된 진 그레이는\n 자비에 영재학교에서 새로운 가족을 맞이하게 된다.\n 엄청난 잠재적 능력을 지닌 그녀는 엑스맨으로 성장해 우주에서 구조 임무를 수행하던 중\n 목숨을 잃을 뻔한 사고를 겪는다. 예기치 못한 사고 이후 폭주하는 힘과\n 억눌려왔던 어둠에 눈을 뜨게 된 진 그레이는 엑스맨의 가장 강력하고 파괴적인 적,\n 다크 피닉스로 변하게 된다. 프로페서 X는 물론 매그니토까지 능가하는 두려운 존재가 된 그녀 앞에\n 힘을 이용하려는 미스터리한 외계 존재가 나타나 그녀를 뒤흔들고,\n 지금까지 엑스맨이 이뤄온 모든 것들이 무너지는 가운데\n 엑스맨은 사랑하는 친구이자 가장 강력한 적이 된 다크 피닉스와 맞서야 하는데…"
  },
  {
    "id": 19,
    "name": "어벤져스: 엔드게임",
    "rating": "12세이상관람가",
    "genre_id": 2,
    "director": "안소니 루소",
    "user_rating": 9.38,
    "poster_url": "https://movie-phinf.pstatic.net/20190417_250/1555465284425i6WQE_JPEG/movie_image.jpg",
    "description": "인피니티 워 이후 절반만 살아남은 지구 마지막 희망이 된 어벤져스 먼저 떠난 그들을 위해 모든 것을 걸었다!  위대한 어벤져스 운명을 바꿀 최후의 전쟁이 펼쳐진다!"
  },
  {
    "id": 20,
    "name": "고질라: 킹 오브 몬스터",
    "rating": "12세이상관람가",
    "genre_id": 2,
    "director": "마이클 도허티",
    "user_rating": 6.94,
    "poster_url": "https://movie-phinf.pstatic.net/20190522_101/1558513130586yABHk_JPEG/movie_image.jpg",
    "description": "고질라의 샌프란시스코 공격으로 인해 아들을 잃은 상처로 엠마와 마크, 딸 매디슨 가족은 슬픔 속에 살고 있다.\n 미지의 생물을 연구하는 모나크 소속 과학자인 엠마는\n 또 다른 공격에 대비해 거대 괴수와 소통하는 주파수를 발견한다.\n 그러나 괴수들을 조종해 지구를 초토화 시키려는 테러 세력에게 딸 매디슨과 납치되고,\n 주파수로 모스라, 로단, 기도라 등 고대 괴수들이 하나 둘 깨어난다.\n 역대급 재난 상황에서 인류의 생존 자체조차 불투명해지고,\n 여기에 강력한 고질라의 등장으로 괴수들의 대결은 새로운 국면을 맞이한다.\n 또 다시 최악의 위기를 맞은 가족들은 어떻게든 함께 위험을 헤쳐나가야만 하는데..."
  },
  {
    "id": 21,
    "name": "캡틴 마블",
    "rating": "12세이상관람가",
    "genre_id": 2,
    "director": "애너 보든",
    "user_rating": 6.74,
    "poster_url": "https://movie-phinf.pstatic.net/20190225_72/1551069530582h2huX_JPEG/movie_image.jpg",
    "description": "1995년, 공군 파일럿 시절의 기억을 잃고\n 크리족 전사로 살아가던 캐럴 댄버스(브리 라슨)가 지구에 불시착한다.\n 쉴드 요원 닉 퓨리(사무엘 L. 잭슨)에게 발견되어 팀을 이룬 그들은\n 지구로 향하는 더 큰 위협을 감지하고\n 힘을 합쳐 전쟁을 끝내야 하는데…"
  },
  {
    "id": 22,
    "name": "헬보이",
    "rating": "청소년관람불가",
    "genre_id": 2,
    "director": "닐 마샬",
    "user_rating": 6.83,
    "poster_url": "https://movie-phinf.pstatic.net/20190307_30/1551923668549VgA1X_JPEG/movie_image.jpg",
    "description": "'헬보이' 자신이 소속된 B.P.R.D의 임무로\n 영국의 한 비밀 단체의 괴수 사냥을 도우러 갔지만 되려 공격을 당하고,\n 곧 영국에서 어마어마한 일이 벌어지고 있다는 것을 알게 된다.\n 서기 517년, 아서왕에게 패하고 몸이 6조각으로 나뉘어 봉인된 '블러드 퀸'을 다시 부활시켜\n 인류를 파멸시키려는 초자연적 빌런들에 의해 영국은 물론 전 세계가 위험에 빠지게 된다.\n 헬보이는 이들에 맞서 인류를 위험으로부터 구해야만 하는데…\n \n * B.P.R.D(Bureau of Paranormal Research & Defense): 초자연 현상 연구 방위국"
  },
  {
    "id": 23,
    "name": "잃어버린 세계를 찾아서",
    "rating": "전체관람가",
    "genre_id": 3,
    "director": "크리스 버틀러",
    "user_rating": 8.42,
    "poster_url": "https://movie-phinf.pstatic.net/20190927_252/1569562989198R5nz0_JPEG/movie_image.jpg",
    "description": "예티, 빅풋, 사스콰치라 불리는 전설의 동물 유일하게 살아남은 ‘Mr. 링크’는 지구 반 바퀴 너머에 있는 일명 잃어버린 세계 ‘샹그릴라’에서 동족의 흔적이 발견됐다는 사실을 알게 된다  한편, 자칭 세계 최고의 탐험가라 주장하는 ‘라이오넬’ 전설의 동물 ‘빅풋’을 목격했다는 편지 한 통을 받고 북아메리카로 향한다 그리고 진짜로 만나게 된 전설의 동물은… 바로 ‘Mr. 링크’!  오랜 시간 숨어 살아온 ‘링크’에게는 가족을 찾기 위해 탐험가 ‘라이오넬’의 도움이 절실한 상황! 우여곡절 끝에 둘은 함께 모험을 떠나게 되는데…  미국 찍고! 유럽 돌고! 아시아 넘어!  링크와 라이오넬의 스펙터클! 글로벌 어드벤처가 시작된다!"
  },
  {
    "id": 24,
    "name": "극장판 헬로카봇 : 달나라를 구해줘!",
    "rating": "전체관람가",
    "genre_id": 3,
    "director": "최신규",
    "user_rating": 7.48,
    "poster_url": "https://movie-phinf.pstatic.net/20190809_188/1565339488370yCW90_JPEG/movie_image.jpg",
    "description": "평화로웠던 지구에는 타워크레인, 우주정거장이 사라지고,\n 달의 뒷면에서 살던 토끼족 마을은 외계 로봇의 공격으로 위기에 처하게 된다.\n 이 모든 것은 바로 지구를 정복하려는 치올라 외계인들의 공격이었던 것!\n \n 평화를 수호하는 차탄과 카봇들은 달을 넘어 지구까지 혼란에 빠뜨린 \n 치올라 외계 군단에 맞서기 위해 달나라로 떠나게 되는데…!\n \n 지구와 달을 구하기 위한 \n 카봇과 토끼족들의 지상최대 연합작전이 시작된다!"
  },
  {
    "id": 25,
    "name": "레드슈즈",
    "rating": "전체관람가",
    "genre_id": 3,
    "director": "홍성호",
    "user_rating": 9.23,
    "poster_url": "https://movie-phinf.pstatic.net/20190725_193/1564022721149J72b7_JPEG/movie_image.jpg",
    "description": "사건 사고가 끊이지 않는 동화의 섬. 사라진 아빠를 찾던 화이트 왕국의 공주는\n 우연히 마법구두를 신고 이전과 완벽하게 다른 ‘레드슈즈’로 거듭난다.\n 한편, 초록색 난쟁이가 된 일곱 왕자들은 우연히 자신들의 집에 머물게 된 '레드슈즈’가\n 저주를 풀 유일한 희망이라 생각해 그녀를 돕기 시작하고, 영원한 아름다움을 꿈꾸는 왕비 ‘레지나’는\n 마법구두를 신고 성을 빠져나간 ‘레드슈즈’를 쫓기 시작하는데…\n \n 위기에 빠진 동화의 섬, \n 레드슈즈, 그리고 일곱 왕자들의 운명은?"
  },
  {
    "id": 26,
    "name": "안녕, 티라노: 영원히, 함께",
    "rating": "전체관람가",
    "genre_id": 3,
    "director": "시즈노 코분",
    "user_rating": 7.47,
    "poster_url": "https://movie-phinf.pstatic.net/20190722_146/15637583080686ygVl_JPEG/movie_image.jpg",
    "description": "넌 이제, 혼자가 아니야\n 가슴 아픈 비밀과 소중한 약속을 간직한 ‘티라노’와 ‘프논’이\n 그들만의 천국을 찾아 떠나면서 펼쳐지는\n 우정, 사랑 그리고 희망에 관한 이야기"
  },
  {
    "id": 27,
    "name": "마이펫의 이중생활 2",
    "rating": "전체관람가",
    "genre_id": 3,
    "director": "크리스 리노드",
    "user_rating": 8.79,
    "poster_url": "https://movie-phinf.pstatic.net/20190805_203/15649916739090lNjN_JPEG/movie_image.jpg",
    "description": "집을 비우면 다시 시작되는 펫들의 시크릿 라이프!\n 집구석 걱정에 하루도 편할 날이 없는 ‘맥스’ \n 캣닢을 사랑하는 자유로운 영혼 ‘클로이’\n 슈퍼히어로를 따라 하는 토끼 ‘스노우볼’\n 완벽하게 고양이가 되고픈 강아지 ‘기젯’까지\n 아직도 나만 몰랐던 마이펫들의 속마음이 공개된다!\n \n “우릴 키운다고? 그건 니 생각이고~”"
  },
  {
    "id": 28,
    "name": "원더랜드",
    "rating": "전체관람가",
    "genre_id": 3,
    "director": "딜런 브라운",
    "user_rating": 8.4,
    "poster_url": "https://movie-phinf.pstatic.net/20190712_173/1562896376665H2uxI_JPEG/movie_image.jpg",
    "description": "어릴 적부터 엄마와 함께 자신만의 테마파크를 만드는 것이 취미인 장난기 많고 상상력 풍부한 소녀 ‘준’은 어느 날 숲속에서 길을 잃고 헤매다 상상 속에서만 그리던 ‘원더랜드’를 발견하게 되는데...!"
  },
  {
    "id": 29,
    "name": "앵그리 버드 2: 독수리 왕국의 침공",
    "rating": "전체관람가",
    "genre_id": 3,
    "director": "서럽 밴 오먼",
    "user_rating": 8.44,
    "poster_url": "https://movie-phinf.pstatic.net/20190801_34/1564649476625vBbh8_JPEG/movie_image.jpg",
    "description": "호시탐탐 알을 탐내는 식신돼마왕 ‘레너드’를 물리치고\n 아싸에서 인싸가 된 버드랜드의 악동 히어로 ‘레드’\n 평생 앙숙인 이들에게 ‘공공의 적’이 나타났다!\n \n 얼음 공격을 퍼붓는 이글랜드의 예민 보스\n ‘제타’에 맞서기 위해 한 팀으로 뭉친 그들!\n 과연 이들의 연합 작전은 성공할 수 있을까?\n \n 어제는 적! 오늘은 친구? 아슬아슬한 팀플레이가 시작된다!"
  },
  {
    "id": 30,
    "name": "명탐정 코난: 감청의 권",
    "rating": "12세이상관람가",
    "genre_id": 3,
    "director": "나가오카 치카",
    "user_rating": 4.9,
    "poster_url": "https://movie-phinf.pstatic.net/20190626_238/1561537910259KvwIR_JPEG/movie_image.jpg",
    "description": "19세기말 해적선과 함께 싱가포르 인근 바다에 가라앉았다고 전해지는\n 전설의 보물 블루 사파이어 ‘감청의 권’이 모습을 드러내던 날,\n 마리나 베이 샌즈 호텔에서 살인사건이 발생하고\n 현장에는 피로 물든 괴도 키드의 예고장만이 남겨져 있다.\n 하지만 그것은 모두를 뒤흔들 함정!\n \n 절체절명에 빠진 괴도 키드는 마법 같은 술수로 여권이 없는 코난을 싱가포르로 데려간다.\n 마침 싱가포르에서 개최되는 쿄고쿠 마코토의 가라테 대회를 보기 위한 란과 소노코까지 모두가 모이게 되고…\n \n 코난 X 괴도 키드 X 쿄고쿠 마코토, 블루 사파이어 ‘감청의 권’\n 그리고 가장 소중한 것을 지키기 위한 세 사람의 피할 수 없는 대결이 시작된다!"
  },
  {
    "id": 31,
    "name": "토이 스토리 4",
    "rating": "전체관람가",
    "genre_id": 3,
    "director": "조시 쿨리",
    "user_rating": 9.05,
    "poster_url": "https://movie-phinf.pstatic.net/20190611_117/1560221190708y3bbv_JPEG/movie_image.jpg",
    "description": "장난감의 운명을 거부하고 떠난 새 친구 ‘포키’를 찾기 위해 길 위에 나선 ‘우디’는 우연히 오랜 친구 ‘보핍’을 만나고 그녀를 통해 새로운 세상에 눈을 뜨게 된다. 한편, ‘버즈’와 친구들은 사라진 ‘우디’와 ‘포키’를 찾아 세상 밖 위험천만한 모험을 떠나게 되는데…"
  },
  {
    "id": 32,
    "name": "가장 보통의 연애",
    "rating": "15세이상관람가",
    "genre_id": 4,
    "director": "김한결",
    "user_rating": 7.92,
    "poster_url": "https://movie-phinf.pstatic.net/20190911_29/1568167420523xeKY5_JPEG/movie_image.jpg",
    "description": "전 여친에 상처받은 ‘재훈’(김래원).  여느 때처럼 숙취로 시작한 아침,  모르는 번호의 누군가와 밤새 2시간이나 통화한 기록을 발견하게 되고   그 상대가 바로! 통성명한 지 24시간도 채 되지 않은 직장 동료 ‘선영’임을 알게 된다.   남친과 뒤끝 있는 이별 중인 ‘선영’(공효진).  새로운 회사로 출근한 첫날, 할 말 못 할 말 쏟아내며 남친과 헤어지던 현장에서 하필이면! 같은 직장의 ‘재훈’을 마주친다.  만난 지 하루 만에 일보다 서로의 연애사를 더 잘 알게 된 두 사람.  하지만 미묘한 긴장과 어색함도 잠시  ‘한심하다’, ‘어이없다’ 부딪히면서도 마음이 쓰이는 건 왜 그럴까?"
  },
  {
    "id": 33,
    "name": "유열의 음악앨범",
    "rating": "12세이상관람가",
    "genre_id": 4,
    "director": "정지우",
    "user_rating": 6.08,
    "poster_url": "https://movie-phinf.pstatic.net/20190806_57/1565060277522KjSpd_JPEG/movie_image.jpg",
    "description": "오늘 기적이 일어났어요.\" 1994년 가수 유열이 라디오 DJ를 처음 진행하던 날, 엄마가 남겨준 빵집에서 일하던 미수(김고은)는 우연히 찾아 온 현우(정해인)를 만나  설레는 감정을 느끼게 되지만 뜻하지 않은 사건으로 인해 연락이 끊기게 된다.  \"그때, 나는 네가 돌아오지 않을 거라고 생각했어. 그래도 기다렸는데…\" 다시 기적처럼 마주친 두 사람은 설렘과 애틋함 사이에서 마음을 키워 가지만 서로의 상황과 시간은 자꾸 어긋나기만 한다. 계속되는 엇갈림 속에서도 라디오 ‘유열의 음악앨범’과 함께 우연과 필연을 반복하는 두 사람…   함께 듣던 라디오처럼 그들은 서로의 주파수를 맞출 수 있을까?"
  },
  {
    "id": 34,
    "name": "노팅 힐",
    "rating": "12세관람가",
    "genre_id": 4,
    "director": "로저 미첼",
    "user_rating": 9.07,
    "poster_url": "https://movie-phinf.pstatic.net/20190325_31/1553488426511DoXdd_JPEG/movie_image.jpg",
    "description": "세계적인 스타이자 지구상에서 가장 아름다운 여자 ‘애나 스콧’\n 런던의 노팅 힐에서 여행 전문 서점을 운영하는 남자 ‘윌리엄 태커’\n 아주 평범한 사랑을 기다리는 그녀와 너무 특별한 사랑이 두려운 그의 \n 꿈 같은 로맨스가 다시, 시작된다! 여기 노팅 힐에서…"
  },
  {
    "id": 35,
    "name": "퍼펙트맨",
    "rating": "15세이상관람가",
    "genre_id": 5,
    "director": "용수",
    "user_rating": 7.87,
    "poster_url": "https://movie-phinf.pstatic.net/20190918_70/1568789034699xL82H_JPEG/movie_image.jpg",
    "description": "퍼펙트한 인생을 위해 한탕을 꿈꾸는 건달 ‘영기’(조진웅) 조직 보스의 돈 7억을 빼돌려 주식에 투자하지만, 사기꾼에게 속아 주식은 휴지조각이 되고 만다. 목숨을 부지하기 위해 어떻게든 7억을 구해야 하는 영기 앞에 까칠한 로펌 대표 ‘장수’(설경구)가 나타난다.  두 달 시한부 ‘장수’는 자신이 해야 할 일들을 도와주는 조건으로 영기에게 자신의 사망보험금을 내건 빅딜을 제안하는데…  돈 쫌 많은 로펌 대표와 폼 쫌 잡는 꼴통 건달 퍼펙트하게 다른 두 남자의 인생 최대 반전이 시작된다"
  },
  {
    "id": 36,
    "name": "두번할까요",
    "rating": "15세이상관람가",
    "genre_id": 5,
    "director": "박용집",
    "user_rating": 5.32,
    "poster_url": "https://movie-phinf.pstatic.net/20190911_48/1568178486148N8Ajf_JPEG/movie_image.jpg",
    "description": "꿈꿔왔던 싱글라이프 ‘현우’ 쪽팔림을 무릅쓰고 감행했던 이혼식 후, 드디어 싱글라이프 입성! 꿈꿔왔던 자유를 되찾은 것도 잠시... 엑스와이프 '선영'이 다시 돌아왔다. 게다가 옛 친구 '상철'까지 달고!  원치않던 싱글라이프 ‘선영’ 꼭 해야만(?)했던 이혼식 후, 어쩌다 보니 싱글라이프 입성! 원수 같던 '현우'와 헤어지긴 했지만 그 없이는 어려운 일 투성이다. 그러던 어느 날, 모든 게 완벽한 '상철'이 나타났다!  끝내고픈 싱글라이프 ‘상철’ 이상형 '선영'과의 강렬한(!) 만남 후, 잘만하면 싱글라이프 청산 가능! 얼굴, 능력 다 되지만 연애는 어떻게 하는 건지 도통 모르겠다. 별 수 없이 연애 상담을 위해 '현우'를 찾아가는데!  다시 얽혀버린 세 남녀의 출구 없는 싱글라이프가 펼쳐진다!"
  },
  {
    "id": 37,
    "name": "판소리 복서",
    "rating": "12세이상관람가",
    "genre_id": 5,
    "director": "정혁기",
    "user_rating": 6.3,
    "poster_url": "https://movie-phinf.pstatic.net/20191010_138/1570683410320olmSU_JPEG/movie_image.jpg",
    "description": "한때 복싱 챔피언 유망주로 화려하게 주목 받던 전직 프로복서 ‘병구’(엄태구). 그러나 한 순간의 지울 수 없는 실수로 복싱협회에서 영구 제명이 되어버린 그는 ‘박관장’(김희원)의 배려로 체육관의 허드렛일을 도맡아 하며 살아가고 있다. 다시 복싱을 시작하려는 마음은 있지만 설상가상 뇌세포가 손상되는 ‘펀치드렁크(punchdrunk)’ 진단까지 받게 된 ‘병구’. 어느 날 ‘병구’가 뿌린 전단지를 들고 체육관을 찾은 신입관원 ‘민지’(이혜리)는 복싱에 대한 ‘병구’의 순수한 열정을 발견하고 그의 든든한 지원군이 되어준다.   ‘민지’의 응원에 잊고 있었던 미완의 꿈이자 자신만의 스타일인 ‘판소리 복싱’을 완성하기로 결심한 ‘병구’는 생애 마지막이 될지도 모를 가장 무모한 도전을 시작한다."
  },
  {
    "id": 38,
    "name": "엑시트",
    "rating": "12세이상관람가",
    "genre_id": 5,
    "director": "이상근",
    "user_rating": 8.3,
    "poster_url": "https://movie-phinf.pstatic.net/20190724_161/1563931152464tk11A_JPEG/movie_image.jpg",
    "description": "대학교 산악 동아리 에이스 출신이지만 졸업 후 몇 년째 취업 실패로 눈칫밥만 먹는 용남은 온 가족이 참석한 어머니의 칠순 잔치에서 연회장 직원으로 취업한 동아리 후배 의주를 만난다 어색한 재회도 잠시, 칠순 잔치가 무르익던 중 의문의 연기가 빌딩에서 피어 오르며 피할 새도 없이 순식간에 도심 전체는 유독가스로 뒤덮여 일대혼란에 휩싸이게 된다. 용남과 의주는 산악 동아리 시절 쌓아 뒀던 모든 체력과 스킬을 동원해 탈출을 향한 기지를 발휘하기 시작하는데…"
  },
  {
    "id": 39,
    "name": "롱 샷",
    "rating": "15세이상관람가",
    "genre_id": 5,
    "director": "조나단 레빈",
    "user_rating": 8.01,
    "poster_url": "https://movie-phinf.pstatic.net/20190722_289/1563771757694iBLQQ_JPEG/movie_image.jpg",
    "description": "전직 기자 지금은 백수인 ‘프레드 플라스키’(세스 로건)는\n 20년 만에 첫사랑 베이비시터 ‘샬롯 필드’(샤를리즈 테론)와 재회한다.\n \n 그런데 그녀가!?\n 미 최연소 국무 장관이자 세계에서 가장 영향력 있는 여성 중 한 명인 ‘샬롯’이\n 바로 베이비시터 그녀라는 것은 믿기지 않지만 실화이다.\n \n 인생에 공통점이라고는 1도 없는 두 사람.\n 대선 후보로 출마를 준비 중인 ‘샬롯’은 모두의 예상을 깨고\n 자신의 선거 캠페인 연설문 작가로 ‘프레드’를 고용한다.\n 어디로 튈지 모르는 ‘프레드’ 때문에 선거 캠페인은 연일 비상인 가운데,\n 뜻밖에 그의 스파크는 ‘샬롯’과의 로맨스로 튀어 버리는데...\n \n 사고 치는데 천부적인 재능이 있는 남자,\n 머리부터 발끝까지 완벽한 여자\n \n 이 조합 실화?"
  },
  {
    "id": 40,
    "name": "걸캅스",
    "rating": "15세이상관람가",
    "genre_id": 5,
    "director": "정다원",
    "user_rating": 7,
    "poster_url": "https://movie-phinf.pstatic.net/20190624_45/1561342396841VHkPS_JPEG/movie_image.jpg",
    "description": "마약단속반의 에이스 여형사 콤비 ‘아야카’와 ‘유리에’. \n 두 사람은 집안환경, 성격, 수사 방식, 그리고 섹스까지 완전히 정반대지만, \n 완벽한 호흡으로 수많은 범죄자들을 체포한 검거율 최고의 수사관이다. \n 최근 신형 마약 생산과 유통 경로를 쫓는 두 사람의 수사선상에 오른 것은 ‘아야카’의 경찰동기이자 버진 브레이커 첫 남자 ‘호시’였다. \n 수사관으로서의 사명과 다시 타오르는 사랑 사이에서 흔들리는 ‘아야카’. \n 한편, 자유분방하게 남자들과 관계를 맺던 ‘유리에‘에게도 운명적 만남이라는 위험이 다가오는데..."
  }
]